{
	"format_version": "1.8.0",
	"animations": {
		"shoot": {
			"loop": true,
			"animation_length": 0.25,
			"bones": {
				"right_arm": {
					"rotation": [90, 0, -180],
					"position": [5.65, -2.7, 4]
				},
				"left_arm": {
					"rotation": [73.95054, -26.20116, -129.71317],
					"position": [-3.7, -5.75, -4.85]
				},
				"gun_body": {
					"rotation": {
						"0.0417": {
							"pre": [-10, 0, 0],
							"post": [-10, 0, 0],
							"lerp_mode": "catmullrom"
						},
						"0.25": {
							"post": [0, 0, 0],
							"lerp_mode": "catmullrom"
						}
					},
					"position": {
						"0.0": {
							"post": [0, 0, 1],
							"lerp_mode": "catmullrom"
						},
						"0.1667": {
							"post": [0, 0, 0],
							"lerp_mode": "catmullrom"
						}
					}
				},
				"bolt": {
					"position": {
						"0.0": [0, 0, 2],
						"0.0833": [0, 0, 2.5],
						"0.125": [0, 0, 2.625],
						"0.25": [0, 0, 0]
					}
				},
				"magazine": {
					"rotation": {
						"0.0": [0, 0, 0],
						"0.25": [0, 0, 0]
					},
					"position": {
						"0.0": [0, 0, 0],
						"0.25": [0, 0, 0]
					},
					"scale": {
						"0.0": [1, 1, 1],
						"0.25": [1, 1, 1]
					}
				},
				"magazine_2": {
					"rotation": {
						"0.0": [0, 0, 0],
						"0.25": [0, 0, 0]
					},
					"position": {
						"0.0": [0, 0, 0],
						"0.25": [0, 0, 0]
					},
					"scale": {
						"0.0": [0, 0, 0],
						"0.25": [0, 0, 0]
					}
				}
			},
			"sound_effects": {
				"0.25": {
					"effect": "pump"
				}
			}
		},
		"reload": {
			"animation_length": 4.125,
			"bones": {
				"right_arm": {
					"rotation": {
						"0.0": [90, 0, -180],
						"3.0417": [90, 0, -180],
						"3.4167": [110, 0, -180],
						"3.5833": [122.5, 0, -180],
						"3.7917": [132.5, 0, -180],
						"4.125": [90, 0, -180]
					},
					"position": {
						"0.0": [5.65, -2.7, 4],
						"3.0": [5.65, -2.7, 4],
						"3.375": [3.65, -1.63969, 0.65798],
						"3.5833": [3.65, -2.66606, 3.47908],
						"3.7917": [3.65, -2.64882, 3.97955],
						"4.125": [5.65, -2.7, 4]
					}
				},
				"left_arm": {
					"rotation": {
						"0.0": {
							"post": [73.95054, -26.20116, -129.71317],
							"lerp_mode": "catmullrom"
						},
						"0.3333": {
							"post": [88.92416, -18.19966, -109.94113],
							"lerp_mode": "catmullrom"
						},
						"0.625": {
							"post": [50.96737, -30.09399, -122.88465],
							"lerp_mode": "catmullrom"
						},
						"0.6667": {
							"post": [50.96737, -30.09399, -122.88465],
							"lerp_mode": "catmullrom"
						},
						"0.9583": {
							"post": [63.47, -30.09, -122.88],
							"lerp_mode": "catmullrom"
						},
						"1.25": {
							"post": [93.47, -30.09, -122.88],
							"lerp_mode": "catmullrom"
						},
						"1.875": {
							"post": [78.47, -30.09, -122.88],
							"lerp_mode": "catmullrom"
						},
						"2.125": {
							"post": [63.47, -30.09, -122.88],
							"lerp_mode": "catmullrom"
						},
						"2.4167": {
							"post": [50.96737, -30.09399, -122.88465],
							"lerp_mode": "catmullrom"
						},
						"2.4583": {
							"post": [50.96737, -30.09399, -122.88465],
							"lerp_mode": "catmullrom"
						},
						"2.8333": {
							"post": [88.92416, -18.19966, -109.94113],
							"lerp_mode": "catmullrom"
						},
						"3.0": {
							"post": [73.95054, -26.20116, -129.71317],
							"lerp_mode": "catmullrom"
						}
					},
					"position": {
						"0.0": {
							"post": [-3.7, -5.75, -4.85],
							"lerp_mode": "catmullrom"
						},
						"0.25": {
							"post": [-1.7, -5.75, -4.85],
							"lerp_mode": "catmullrom"
						},
						"0.5417": {
							"post": [-2.94535, -0.18594, -2.11315],
							"lerp_mode": "catmullrom"
						},
						"0.625": {
							"post": [-2.95, -0.29542, -2.04284],
							"lerp_mode": "catmullrom"
						},
						"0.6667": {
							"post": [-2.94535, -0.18594, -2.11315],
							"lerp_mode": "catmullrom"
						},
						"0.7917": {
							"post": [-2.95, 1.49678, -3.1846],
							"lerp_mode": "catmullrom"
						},
						"0.9583": {
							"post": [0.05, 0.65661, -2.6427],
							"lerp_mode": "catmullrom"
						},
						"1.25": {
							"post": [1.05, -4.40035, 0.5838],
							"lerp_mode": "catmullrom"
						},
						"1.375": {
							"post": [1.05, -12.83391, 5.953],
							"lerp_mode": "catmullrom"
						},
						"1.75": {
							"post": [1.05, -12.83391, 5.953],
							"lerp_mode": "catmullrom"
						},
						"1.875": {
							"post": [1.05, -4.40035, 0.5838],
							"lerp_mode": "catmullrom"
						},
						"2.125": {
							"post": [0.05, 0.65661, -2.6427],
							"lerp_mode": "catmullrom"
						},
						"2.2917": {
							"post": [-2.95, 1.49678, -3.1846],
							"lerp_mode": "catmullrom"
						},
						"2.4167": {
							"post": [-2.94535, -0.18594, -2.11315],
							"lerp_mode": "catmullrom"
						},
						"2.4583": {
							"post": [-2.95, -0.29542, -2.04284],
							"lerp_mode": "catmullrom"
						},
						"2.5833": {
							"post": [-2.94535, -0.18594, -2.11315],
							"lerp_mode": "catmullrom"
						},
						"2.75": {
							"post": [-1.7, -5.75, -4.85],
							"lerp_mode": "catmullrom"
						},
						"3.0": {
							"post": [-3.7, -5.75, -4.85],
							"lerp_mode": "catmullrom"
						}
					}
				},
				"gun_body": {
					"rotation": {
						"0.0": {
							"post": [0, 0, 0],
							"lerp_mode": "catmullrom"
						},
						"0.5": {
							"post": [-32.5, 0, 0],
							"lerp_mode": "catmullrom"
						},
						"0.9583": {
							"post": [-35, 0, 0],
							"lerp_mode": "catmullrom"
						},
						"1.3333": {
							"post": [-32.59907, -4.21541, 2.69136],
							"lerp_mode": "catmullrom"
						},
						"2.0": {
							"post": [-26.05406, -3.58477, 0.78009],
							"lerp_mode": "catmullrom"
						},
						"2.5": {
							"post": [-22.34323, -2.86524, -0.5814],
							"lerp_mode": "catmullrom"
						},
						"2.6667": {
							"post": [-22.34323, -2.86524, -0.5814],
							"lerp_mode": "catmullrom"
						},
						"3.0": {
							"post": [0, 0, 15],
							"lerp_mode": "catmullrom"
						},
						"3.375": {
							"post": [0, 0, 67.5],
							"lerp_mode": "catmullrom"
						},
						"3.5833": {
							"post": [-5, 0, 67.5],
							"lerp_mode": "catmullrom"
						},
						"3.8333": {
							"post": [0, 0, 67.5],
							"lerp_mode": "catmullrom"
						},
						"4.125": {
							"post": [0, 0, 0],
							"lerp_mode": "catmullrom"
						}
					},
					"position": {
						"0.0": {
							"post": [0, 0, 0],
							"lerp_mode": "catmullrom"
						},
						"0.4167": {
							"post": [0, 2, 2],
							"lerp_mode": "catmullrom"
						},
						"0.625": {
							"post": [0, 2.03, 2.03],
							"lerp_mode": "catmullrom"
						},
						"0.7083": {
							"post": [0, 2.25, 2],
							"lerp_mode": "catmullrom"
						},
						"0.8333": {
							"post": [0, 2, 2],
							"lerp_mode": "catmullrom"
						},
						"2.4167": {
							"post": [0, 2.03, 2.03],
							"lerp_mode": "catmullrom"
						},
						"2.5": {
							"post": [0, 1.75, 2],
							"lerp_mode": "catmullrom"
						},
						"2.625": {
							"post": [0, 2, 2],
							"lerp_mode": "catmullrom"
						},
						"2.9167": {
							"post": [0, 0, 0],
							"lerp_mode": "catmullrom"
						},
						"3.375": {
							"post": [0, 0, 0],
							"lerp_mode": "catmullrom"
						},
						"3.5833": {
							"post": [-0.03015, -0.01249, 0.24786],
							"lerp_mode": "catmullrom"
						},
						"3.8333": {
							"post": [0, 0, 0],
							"lerp_mode": "catmullrom"
						},
						"4.125": {
							"post": [0, 0, 0],
							"lerp_mode": "catmullrom"
						}
					}
				},
				"bolt": {
					"position": {
						"0.0": [0, 0, 0],
						"3.375": [0, 0, 0],
						"3.5833": [0, 0, 2.5],
						"3.7083": [0, 0, 2.625],
						"3.875": [0, 0, 0]
					}
				},
				"magazine": {
					"rotation": {
						"0.0": {
							"post": [0, 0, 0],
							"lerp_mode": "catmullrom"
						},
						"0.6667": {
							"post": [0, 0, 0],
							"lerp_mode": "catmullrom"
						},
						"0.7917": {
							"post": [0, 0, 0],