{
	"format_version": "1.8.0",
	"animations": {
		"shoot": {
			"loop": true,
			"animation_length": 0.25,
			"bones": {
				"right_arm": {
					"rotation": [90, 0, -180],
					"position": [5.65, -2.7, 4]
				},
				"left_arm": {
					"rotation": [73.95054, -26.20116, -129.71317],
					"position": [-3.7, -5.75, -3.85]
				},
				"gun_body": {
					"rotation": {
						"0.0417": {
							"pre": [-10, 0, 0],
							"post": [-10, 0, 0],
							"lerp_mode": "catmullrom"
						},
						"0.25": {
							"post": [0, 0, 0],
							"lerp_mode": "catmullrom"
						}
					},
					"position": {
						"0.0": {
							"post": [0, 0, 1],
							"lerp_mode": "catmullrom"
						},
						"0.1667": {
							"post": [0, 0, 0],
							"lerp_mode": "catmullrom"
						}
					}
				},
				"bolt": {
					"position": {
						"0.0": [0, 0, 2],
						"0.0833": [0, 0, 2.5],
						"0.125": [0, 0, 2.625],
						"0.25": [0, 0, 0]
					}
				},
				"magazine": {
					"rotation": {
						"0.0": [0, 0, 0],
						"0.25": [0, 0, 0]
					},
					"position": {
						"0.0": [0, 0, 0],
						"0.25": [0, 0, 0]
					},
					"scale": {
						"0.0": [1, 1, 1],
						"0.25": [1, 1, 1]
					}
				},
				"magazine_2": {
					"rotation": {
						"0.0": [0, 0, 0],
						"0.25": [0, 0, 0]
					},
					"position": {
						"0.0": [0, 0, 0],
						"0.25": [0, 0, 0]
					},
					"scale": {
						"0.0": [0, 0, 0],
						"0.25": [0, 0, 0]
					}
				},
				"left_wing": {
					"rotation": {
						"0.0": [0, 45, 0],
						"0.125": [0, -22.5, 0],
						"0.25": [0, 0, 0]
					}
				},
				"right_wing": {
					"rotation": {
						"0.0": [0, -45, 0],
						"0.125": [0, 22.5, 0],
						"0.25": [0, 0, 0]
					}
				}
			},
			"sound_effects": {
				"0.25": {
					"effect": "pump"
				}
			}
		},
		"reload": {
			"animation_length": 2.875,
			"bones": {
				"right_arm": {
					"rotation": {
						"0.0": [90, 0, -180],
						"2.125": [90, 0, -180],
						"2.375": [110, 0, -180],
						"2.5": [122.5, 0, -180],
						"2.6667": [132.5, 0, -180],
						"2.875": [90, 0, -180]
					},
					"position": {
						"0.0": [5.65, -2.7, 4],
						"2.0833": [5.65, -2.7, 4],
						"2.375": [3.65, -1.63969, 0.65798],
						"2.5": [3.65, -2.66606, 3.47908],
						"2.6667": [3.65, -2.64882, 3.97955],
						"2.875": [5.65, -2.7, 4]
					}
				},
				"left_arm": {
					"rotation": {
						"0.0417": {
							"pre": [73.95054, -26.20116, -129.71317],
							"post": [73.95054, -26.20116, -129.71317],
							"lerp_mode": "catmullrom"
						},
						"0.25": {
							"post": [108.20266, -1.02201, -200.27718],
							"lerp_mode": "catmullrom"
						},
						"0.4583": {
							"post": [126.7256, -33.01601, -235.00713],
							"lerp_mode": "catmullrom"
						},
						"0.6667": {
							"post": [122.92883, -22.73522, -226.93224],
							"lerp_mode": "catmullrom"
						},
						"0.875": {
							"post": [120.13563, 3.00192, -211.13869],
							"lerp_mode": "catmullrom"
						},
						"1.3333": {
							"post": [120.59924, -9.95908, -218.71969],
							"lerp_mode": "catmullrom"
						},
						"1.5": {
							"post": [122.92883, -22.73522, -226.93224],
							"lerp_mode": "catmullrom"
						},
						"1.7083": {
							"post": [121.92377, -18.51523, -224.07578],
							"lerp_mode": "catmullrom"
						},
						"1.7917": {
							"post": [121.92377, -18.51523, -224.07578],
							"lerp_mode": "catmullrom"
						},
						"1.875": {
							"post": [121.92377, -18.51523, -224.07578],
							"lerp_mode": "catmullrom"
						},
						"2.2083": {
							"post": [73.95054, -26.20116, -129.71317],
							"lerp_mode": "catmullrom"
						}
					},
					"position": {
						"0.0": {
							"post": [-3.7, -5.75, -4.85],
							"lerp_mode": "catmullrom"
						},
						"0.1667": {
							"post": [-1.7, -5.75, -4.85],
							"lerp_mode": "catmullrom"
						},
						"0.375": {
							"post": [-1.77586, -0.48811, -0.5191],
							"lerp_mode": "catmullrom"
						},
						"0.4583": {
							"post": [-1.46934, -0.27031, -0.69584],
							"lerp_mode": "catmullrom"
						},
						"0.5417": {
							"post": [-1.47318, 1.5249, -1.83619],
							"lerp_mode": "catmullrom"
						},
						"0.6667": {
							"post": [1.28727, 0.38816, -1.09444],
							"lerp_mode": "catmullrom"
						},
						"0.875": {
							"post": [1.4917, -5.30662, 2.31111],
							"lerp_mode": "catmullrom"
						},
						"0.9583": {
							"post": [1.48869, -13.73699, 7.68274],
							"lerp_mode": "catmullrom"
						},
						"1.2083": {
							"post": [1.77322, -13.55395, 7.67303],
							"lerp_mode": "catmullrom"
						},
						"1.3333": {
							"post": [1.9191, -5.00843, 2.27936],
							"lerp_mode": "catmullrom"
						},
						"1.5": {
							"post": [1.28727, 0.38816, -1.09444],
							"lerp_mode": "catmullrom"
						},
						"1.625": {
							"post": [-1.76651, 1.17225, -1.60535],
							"lerp_mode": "catmullrom"
						},
						"1.7083": {
							"post": [-1.82707, -0.57482, -0.50036],
							"lerp_mode": "catmullrom"
						},
						"1.7917": {
							"post": [-1.82242, -0.57076, -0.50351],
							"lerp_mode": "catmullrom"
						},
						"1.9167": {
							"post": [-1.7, -5.75, -4.85],
							"lerp_mode": "catmullrom"
						},
						"2.2917": {
							"post": [-3.7, -5.75, -4.85],
							"lerp_mode": "catmullrom"
						}
					}
				},
				"gun_body": {
					"rotation": {
						"0.0": {
							"post": [0, 0, 0],
							"lerp_mode": "catmullrom"
						},
						"0.3333": {
							"post": [-32.5, 0, 0],
							"lerp_mode": "catmullrom"
						},
						"0.6667": {
							"post": [-35, 0, 0],
							"lerp_mode": "catmullrom"
						},
						"0.9167": {
							"post": [-32.59907, -4.21541, 2.69136],
							"lerp_mode": "catmullrom"
						},
						"1.4167": {
							"post": [-26.05406, -3.58477, 0.78009],
							"lerp_mode": "catmullrom"
						},
						"1.75": {
							"post": [-22.34323, -2.86524, -0.5814],
							"lerp_mode": "catmullrom"
						},
						"1.875": {
							"post": [-22.34323, -2.86524, -0.5814],
							"lerp_mode": "catmullrom"
						},
						"2.0833": {
							"post": [0, 0, 15],
							"lerp_mode": "catmullrom"
						},
						"2.375": {
							"post": [0, 0, 67.5],
							"lerp_mode": "catmullrom"
						},
						"2.5": {
							"post": [-5, 0, 67.5],
							"lerp_mode": "catmullrom"
						},
						"2.6667": {
							"post": [0, 0, 67.5],
							"lerp_mode": "catmullrom"
						},
						"2.875": {
							"post": [0, 0, 0],
							"lerp_mode": "catmullrom"
						}
					},
					"position": {
						"0.0": {
							"post": [0, 0, 0],
							"lerp_mode": "catmullrom"
						},
						"0.2917": {
							"post": [0, 2, 2],
							"lerp_mode": "catmullrom"
						},
						"0.4583": {
							"post": [0, 2.03, 2.03],
							"lerp_mode": "catmullrom"
						},
						"0.5": {
							"post": [0, 2.25, 2],
							"lerp_mode": "catmullrom"
						},
						"0.5833": {
							"post": [0, 2, 2],
							"lerp_mode": "catmullrom"
						},
						"1.7083": {
							"post": [0, 2.03, 2.03],
							"lerp_mode": "catmullrom"
						},
						"1.75": {
							"post": [0, 1.75, 2],
							"lerp_mode": "catmullrom"
						},
						"1.8333": {
							"post": [0, 2, 2],
							"lerp_mode": "catmullrom"
						},
						"2.0417": {
							"post": [0, 0, 0],
							"lerp_mode": "catmullrom"
						},
						"2.375": {
							"post": [0, 0, 0],
							"lerp_mode": "catmullrom"
						},
						"2.5": {
							"post": [-0.03015, -0.01249, 0.24786],
							"lerp_mode": "catmullrom"
						},
						"2.6667": {
							"post": [0, 0, 0],
							"lerp_mode": "catmullrom"
						},
						"2.875": {
							"post": [0, 0, 0],
							"lerp_mode": "catmullrom"
						}
					}
				},
				"bolt": {
					"position": {
						"0.0": [0, 0, 0],
						"2.375": [0, 0, 0],
						"2.5": [0, 0, 2.5],
						"2.5833": [0, 0, 2.625],
						"2.7083": [0, 0, 0]
					}
				},
				"magazine": {
					"rotation": {
						"0.0": {
							"post": [0, 0, 0],
							"lerp_mode": "catmullrom"
						},
						"0.4583": {
							"post": [0, 0, 0],