{
	"format_version": "1.8.0",
	"animations": {
		"shoot": {
			"loop": true,
			"animation_length": 0.8,
			"bones": {
				"right_arm": {
					"rotation": {
						"0.0": [90, 0, -180],
						"0.1": [90, 0, -180],
						"0.1667": [100, -7.5, -180],
						"0.2333": {
							"pre": [117.37739, -1.93597, -172.75279],
							"post": [117.37739, -1.93597, -172.75279],
							"lerp_mode": "catmullrom"
						},
						"0.3": {
							"post": [117.37739, -1.93597, -172.75279],
							"lerp_mode": "catmullrom"
						},
						"0.4": {
							"post": [124.87739, -1.93597, -172.75279],
							"lerp_mode": "catmullrom"
						},
						"0.5": {
							"post": [117.37739, -1.93597, -172.75279],
							"lerp_mode": "catmullrom"
						},
						"0.6333": [90, 0, -180],
						"0.7333": [90, 0, -180]
					},
					"position": {
						"0.0": [5.8, -2.2, 5.75],
						"0.1": [5.05, -2.2, 5.75],
						"0.1667": [5.05, -2.2, 5.75],
						"0.2333": {
							"pre": [3.8, -1.92824, 4.73578],
							"post": [3.8, -1.92824, 4.73578],
							"lerp_mode": "catmullrom"
						},
						"0.4": {
							"post": [3.8, -2.18, 5.74],
							"lerp_mode": "catmullrom"
						},
						"0.5": {
							"post": [3.8, -1.92824, 4.73578],
							"lerp_mode": "catmullrom"
						},
						"0.6333": [5.05, -2.2, 5.75],
						"0.7333": [5.8, -2.2, 5.75]
					}
				},
				"left_arm": {
					"rotation": {
						"0.0": {
							"post": [73.95054, -26.20116, -129.71317],
							"lerp_mode": "catmullrom"
						}
					},
					"position": [-3.07463, -5.90305, -4.8227]
				},
				"gun_body": {
					"rotation": {
						"0.2667": {
							"pre": [0, 0, 0],
							"post": [0, 0, 0],
							"lerp_mode": "catmullrom"
						},
						"0.3667": {
							"post": [-5, 0, 0],
							"lerp_mode": "catmullrom"
						},
						"0.5333": {
							"post": [0, 0, 0],
							"lerp_mode": "catmullrom"
						}
					},
					"position": {
						"0.2333": {
							"pre": [0, 0, 0],
							"post": [0, 0, 0],
							"lerp_mode": "catmullrom"
						},
						"0.3333": {
							"post": [0, 0, 0.375],
							"lerp_mode": "catmullrom"
						},
						"0.5": {
							"post": [0, 0, 0],
							"lerp_mode": "catmullrom"
						}
					}
				},
				"bolt": {
					"position": {
						"0.0": [0, 0, 0],
						"0.3": [0, 0, 0],
						"0.3667": {
							"pre": [0, 0, 2],
							"post": [0, 0, 2],
							"lerp_mode": "catmullrom"
						},
						"0.4333": {
							"post": [0, 0, 2],
							"lerp_mode": "catmullrom"
						},
						"0.5": {
							"post": [0, 0, 0],
							"lerp_mode": "catmullrom"
						}
					}
				},
				"magazine": {
					"scale": 1
				},
				"gun_body2": {
					"rotation": {
						"0.0": {
							"post": [-7.5, 0, -1],
							"lerp_mode": "catmullrom"
						},
						"0.1667": {
							"post": [0, 0, -2],
							"lerp_mode": "catmullrom"
						},
						"0.2333": {
							"post": [-2.5, 0, 1],
							"lerp_mode": "catmullrom"
						},
						"0.4667": {
							"post": [-5, 0, 2],
							"lerp_mode": "catmullrom"
						},
						"0.6333": {
							"post": [0, 0, 0],
							"lerp_mode": "catmullrom"
						}
					},
					"position": {
						"0.0": {
							"post": [0, 0, 2],
							"lerp_mode": "catmullrom"
						},
						"0.0667": {
							"post": [0, 0, 0.2],
							"lerp_mode": "catmullrom"
						},
						"0.1667": {
							"post": [0, 0, 0],
							"lerp_mode": "catmullrom"
						}
					}
				}
			},
			"sound_effects": {
				"0.2667": {
					"effect": "bolt"
				}
			},
			"particle_effects": {
				"0.2667": {
					"effect": "eject_casing"
				}
			}
		},
		"aim_shoot": {
			"loop": true,
			"animation_length": 0.8,
			"bones": {
				"right_arm": {
					"rotation": {
						"0.0": [90, 0, -180],
						"0.1": [90, 0, -180],
						"0.1667": [100, -7.5, -180],
						"0.2333": {
							"pre": [117.37739, -1.93597, -172.75279],
							"post": [117.37739, -1.93597, -172.75279],
							"lerp_mode": "catmullrom"
						},
						"0.3": {
							"post": [117.37739, -1.93597, -172.75279],
							"lerp_mode": "catmullrom"
						},
						"0.4": {
							"post": [124.87739, -1.93597, -172.75279],
							"lerp_mode": "catmullrom"
						},
						"0.5": {
							"post": [117.37739, -1.93597, -172.75279],
							"lerp_mode": "catmullrom"
						},
						"0.6333": [90, 0, -180],
						"0.7333": [90, 0, -180]
					},
					"position": {
						"0.0": [5.8, -2.2, 5.75],
						"0.1": [5.05, -2.2, 5.75],
						"0.1667": [5.05, -2.2, 5.75],
						"0.2333": {
							"pre": [3.8, -1.92824, 4.73578],
							"post": [3.8, -1.92824, 4.73578],
							"lerp_mode": "catmullrom"
						},
						"0.4": {
							"post": [3.8, -2.18, 5.74],
							"lerp_mode": "catmullrom"
						},
						"0.5": {
							"post": [3.8, -1.92824, 4.73578],
							"lerp_mode": "catmullrom"
						},
						"0.6333": [5.05, -2.2, 5.75],
						"0.7333": [5.8, -2.2, 5.75]
					}
				},
				"left_arm": {
					"rotation": {
						"0.0": {
							"post": [73.95054, -26.20116, -129.71317],
							"lerp_mode": "catmullrom"
						}
					},
					"position": [-3.07463, -5.90305, -4.8227]
				},
				"gun_body": {
					"rotation": {
						"0.2667": {
							"pre": [0, 0, 0],
							"post": [0, 0, 0],
							"lerp_mode": "catmullrom"
						},
						"0.3667": {
							"post": [-5, 0, 0],
							"lerp_mode": "catmullrom"
						},
						"0.5333": {
							"post": [0, 0, 0],
							"lerp_mode": "catmullrom"
						}
					},
					"position": {
						"0.2333": {
							"pre": [0, 0, 0],
							"post": [0, 0, 0],
							"lerp_mode": "catmullrom"
						},
						"0.3333": {
							"post": [0, 0, 0.375],
							"lerp_mode": "catmullrom"
						},
						"0.5": {
							"post": [0, 0, 0],
							"lerp_mode": "catmullrom"
						}
					}
				},
				"bolt": {
					"position": {
						"0.0": [0, 0, 0],
						"0.3": [0, 0, 0],
						"0.3667": {
							"pre": [0, 0, 2],
							"post": [0, 0, 2],
							"lerp_mode": "catmullrom"
						},
						"0.4333": {
							"post": [0, 0, 2],
							"lerp_mode": "catmullrom"
						},
						"0.5": {
							"post": [0, 0, 0],
							"lerp_mode": "catmullrom"
						}
					}
				},
				"magazine": {
					"scale": 1
				},
				"gun_body2": {
					"rotation": {
						"0.0": {
							"post": [-5, 0, -1],
							"lerp_mode": "catmullrom"
						},
						"0.1667": {
							"post": [0, 0, -2],
							"lerp_mode": "catmullrom"
						},
						"0.2333": {
							"post": [-1, 0, 1],
							"lerp_mode": "catmullrom"
						},
						"0.4667": {
							"post": [-2.5, 0, 2],
							"lerp_mode": "catmullrom"
						},
						"0.6333": {
							"post": [0, 0, 0],
							"lerp_mode": "catmullrom"
						}
					},
					"position": {
						"0.0": {
							"post": [0, 0, 1],
							"lerp_mode": "catmullrom"
						},
						"0.0667": {
							"post": [0, 0, 0.5],
							"lerp_mode": "catmullrom"
						},
						"0.1667": {
							"post": [0, 0, 0],
							"lerp_mode": "catmullrom"
						}
					}
				}
			},
			"sound_effects": {
				"0.2667": {
					"effect": "bolt"
				}
			},
			"particle_effects": {
				"0.2667": {
					"effect": "eject_casing"
				}
			}
		},
		"inspect": {
			"animation_length": 4.375,
			"bones": {
				"right_arm": {
					"rotation": [90, 0, -180],
					"position": [5.8, -2.2, 5.75]
				},
				"left_arm": {
					"rotation": [73.95054, -26.20116, -129.71317],
					"position": [-3.07463, -5.90305, -4.8227]
				},
				"gun_body": {
					"rotation": {
						"0.0": {
							"post": [0, 0, 0],
							"lerp_mode": "catmullrom"
						},
						"0.1667": {
							"post": [10, -17.5, 0],
							"lerp_mode": "catmullrom"
						},
						"0.3333": {
							"post": [4.49106, -37.14296, -4.27285],
							"lerp_mode": "catmullrom"
						},
						"0.5": {
							"post": [-13.41126, -57.05175, -7.09179],
							"lerp_mode": "catmullrom"
						},
						"1.0": {
							"post": [-5.67033, -57.8829, -16.26755],
							"lerp_mode": "catmullrom"
						},
						"1.5": {
							"post": [-7.1212, -57.65851, -11.59781],
							"lerp_mode": "catmullrom"
						},
						"1.9583": {
							"post": [-54.26138, 24.65571, 86.69999],