{
	"format_version": "1.8.0",
	"animations": {
		"shoot": {
			"loop": true,
			"animation_length": 0.375,
			"bones": {
				"right_arm": {
					"rotation": {
						"0.0": [90, 0, -180],
						"0.0833": [88.22222, 0, -180],
						"0.375": [90, 0, -180]
					},
					"position": {
						"0.0": [6.15, -2.4, 6.05],
						"0.375": [6.15, -2.4, 6.05]
					}
				},
				"left_arm": {
					"rotation": {
						"0.0": [71.67447, -24.72251, -124.42239],
						"0.375": [73.95054, -26.20116, -129.71317]
					},
					"position": {
						"0.0": [-2.62, -4.70337, -3.87354],
						"0.375": [-2.61926, -4.46234, -4.13279]
					}
				},
				"gun_body": {
					"rotation": {
						"0.0417": [-1.5, 0, -2],
						"0.0833": [-2.5, 0, -3],
						"0.125": [-1.74973, -0.03054, -2],
						"0.1667": [-1, 0, 0],
						"0.2917": [-0.19997, -0.00349, -0.99999],
						"0.375": [0, 0, 0]
					},
					"position": {
						"0.0": [0, 0.175, 1.25],
						"0.125": [0, 0, 0.5],
						"0.25": [0, 0, 0]
					}
				},
				"bolt": {
					"position": {
						"0.0": [0, 0, 3],
						"0.125": [0, 0, 0]
					}
				},
				"magazine": {
					"scale": 1
				},
				"magazine_2": {
					"scale": 0
				}
			},
			"particle_effects": {
				"0.0": {
					"effect": "eject_casing"
				}
			}
		},
		"draw": {
			"animation_length": 0.625,
			"bones": {
				"right_arm": {
					"rotation": [90, 0, -180],
					"position": [6.15, -2.4, 6.05]
				},
				"left_arm": {
					"rotation": [73.95054, -26.20116, -129.71317],
					"position": [-2.61926, -4.46234, -4.13279]
				},
				"gun_body": {
					"rotation": {
						"0.0": [0, -42.5, 45],
						"0.375": [7.7803, -12.49044, 14.02391],
						"0.5833": [0, 0, 0.25],
						"0.625": [0, 0, 0]
					},
					"position": {
						"0.0": [10, -9, 1],
						"0.1667": [6.25, -3.87, -2.65],
						"0.2917": [4, -1.5, -3.3],
						"0.5833": [0, 0, 0.2],
						"0.625": [0, 0, 0]
					}
				},
				"scriptures": {
					"rotation": {
						"0.0": [0, 0, 0],
						"0.25": [0, 0, -12.5],
						"0.3333": [-2, 0, -7],
						"0.4167": [1, 0, 2.5],
						"0.5": [-1.99726, -0.10465, -0.49818],
						"0.5417": [0.00137, -0.05233, -0.24909],
						"0.5833": [0, 0, 0],
						"0.625": [0, 0, 0]
					}
				},
				"magazine_2": {
					"scale": 0
				}
			}
		},
		"aim_shoot": {
			"loop": true,
			"animation_length": 0.375,
			"bones": {
				"right_arm": {
					"rotation": {
						"0.0": [90, 0, -180],
						"0.0833": [88.22222, 0, -180],
						"0.375": [90, 0, -180]
					},
					"position": {
						"0.0": [6.15, -2.4, 6.05],
						"0.375": [6.15, -2.4, 6.05]
					}
				},
				"left_arm": {
					"rotation": {
						"0.0": [71.67447, -24.72251, -124.42239],
						"0.375": [73.95054, -26.20116, -129.71317]
					},
					"position": {
						"0.0": [-2.62, -4.70337, -3.87354],
						"0.375": [-2.61926, -4.46234, -4.13279]
					}
				},
				"gun_body": {
					"rotation": {
						"0.0417": [-1.5, 0, -2],
						"0.0833": [-2.5, 0, -3],
						"0.125": [-1.74973, -0.03054, -2],
						"0.1667": [-1, 0, 0],
						"0.2917": [-0.19997, -0.00349, -0.99999],
						"0.375": [0, 0, 0]
					},
					"position": {
						"0.0": [0, 0.175, 1.25],
						"0.125": [0, 0, 0.5],
						"0.25": [0, 0, 0]
					}
				},
				"bolt": {
					"position": {
						"0.0": [0, 0, 3],
						"0.125": [0, 0, 0]
					}
				},
				"magazine": {
					"scale": 1
				},
				"scriptures": {
					"rotation": {
						"0.0": [-3, 0, 0],
						"0.0417": [-6, 0, 0],
						"0.2083": [2.49962, 0.04362, -0.99905],
						"0.375": [0, 0, 0]
					}
				},
				"magazine_2": {
					"scale": 0
				}
			},
			"particle_effects": {
				"0.0": {
					"effect": "eject_casing"
				}
			}
		},
		"reload": {
			"animation_length": 3.7083,
			"bones": {
				"right_arm": {
					"rotation": {
						"0.0": [90, 0, -180],
						"0.25": [70, 0, -180],
						"0.5": [115, 0, -180],
						"0.75": [73.82646, 21.69365, -186.1191],
						"0.9167": [71.32646, 21.69365, -186.1191],
						"1.8333": [71.32646, 21.69365, -186.1191],
						"1.9583": [73.82646, 21.69365, -186.1191],
						"2.1667": [115, 0, -180],
						"2.3333": [88.33333, 0, -180],
						"2.4167": [90, 0, -180]
					},
					"position": {
						"0.0": [6.15, -2.4, 6.05],
						"0.25": [6.15, -2.86985, 8.22101],
						"0.5": [6.15, 1.11678, 6.76893],
						"0.75": [3.37836, 5.41286, 1.25107],
						"0.875": [3.46697, 5.09405, 1.11729],
						"1.8333": [3.46697, 5.09405, 1.11729],
						"1.9583": [3.37836, 5.41286, 1.25107],
						"2.1667": [6.15, 1.11678, 6.76893],
						"2.3333": [6.15, -1.51493, 8.26944],
						"2.4167": [6.15, -2.4, 6.05]
					}
				},
				"left_arm": {
					"rotation": {
						"2.4167": {
							"pre": [73.95054, -26.20116, -129.71317],
							"post": [73.95054, -26.20116, -129.71317],
							"lerp_mode": "catmullrom"
						},
						"2.625": {
							"post": [113.26827, -41.16725, -128.49351],
							"lerp_mode": "catmullrom"
						},
						"2.7083": {
							"post": [88.26827, -41.16725, -128.49351],
							"lerp_mode": "catmullrom"
						},
						"2.875": {
							"post": [88.26827, -41.16725, -128.49351],
							"lerp_mode": "catmullrom"
						},
						"3.0833": {
							"post": [88.26827, -41.16725, -128.49351],
							"lerp_mode": "catmullrom"
						},
						"3.25": {
							"post": [88.02615, -48.66335, -128.15133],
							"lerp_mode": "catmullrom"
						},
						"3.4167": {
							"post": [88.64271, -16.17591, -129.25544],
							"lerp_mode": "catmullrom"
						},
						"3.7083": {
							"post": [73.95054, -26.20116, -129.71317],
							"lerp_mode": "catmullrom"
						}
					},
					"position": {
						"2.4167": {
							"pre": [-2.61926, -4.46234, -4.13279],
							"post": [-2.61926, -4.46234, -4.13279],
							"lerp_mode": "catmullrom"
						},
						"2.5833": {
							"post": [-1.62, -4.46, -4.13],
							"lerp_mode": "catmullrom"
						},
						"2.7083": {
							"post": [-1.62, -1.46, -3.13],
							"lerp_mode": "catmullrom"
						},
						"2.875": {
							"post": [-1.71624, -1.53971, -3.12716],
							"lerp_mode": "catmullrom"
						},
						"3.0833": {
							"post": [-1.62, -1.46, -0.13],
							"lerp_mode": "catmullrom"
						},
						"3.25": {
							"post": [-1.62, -1.46, 0.87],
							"lerp_mode": "catmullrom"
						},
						"3.4167": {
							"post": [0.38, -2.46, -1.13],
							"lerp_mode": "catmullrom"
						},
						"3.7083": {
							"post": [-2.61926, -4.46234, -4.13279],
							"lerp_mode": "catmullrom"
						}
					}
				},
				"gun_body": {
					"rotation": {
						"0.0": {
							"post": [0, 0, 0],
							"lerp_mode": "catmullrom"
						},
						"0.25": {
							"post": [0, 0, 0],
							"lerp_mode": "catmullrom"
						},
						"0.4167": {
							"post": [-10, 0, 0],
							"lerp_mode": "catmullrom"
						},
						"0.75": {
							"post": [-10, 0, 0],
							"lerp_mode": "catmullrom"
						},
						"0.9167": {
							"post": [-7.5, 0, 0],
							"lerp_mode": "catmullrom"
						},
						"1.0": {
							"post": [-12.5, 0, 0],
							"lerp_mode": "catmullrom"
						},
						"1.4167": {
							"post": [-14.98637, -0.64686, -2.41492],
							"lerp_mode": "catmullrom"
						},
						"1.75": {
							"post": [-10.004, -3.08766, -1.87378],
							"lerp_mode": "catmullrom"
						},
						"1.875": {
							"post": [-7.504, -3.08766, -1.87378],
							"lerp_mode": "catmullrom"
						},
						"2.0": {
							"post": [-5.004, -3.08766, -1.87378],
							"lerp_mode": "catmullrom"
						},
						"2.25": {
							"post": [0, 0, 0],
							"lerp_mode": "catmullrom"
						},
						"2.625": {
							"post": [-2.49762, -0.10901, -2.49762],
							"lerp_mode": "catmullrom"
						},
						"2.75": {
							"post": [-2.48092, -0.3274, -7.49531],
							"lerp_mode": "catmullrom"
						},
						"3.1667": {
							"post": [-7.48092, -0.3274, -7.49531],
							"lerp_mode": "catmullrom"
						},
						"3.375": {
							"post": [5.01908, -0.3274, -7.49531],
							"lerp_mode": "catmullrom"
						},
						"3.7083": {
							"post": [0, 0, 0],
							"lerp_mode": "catmullrom"
						}
					},