{
	"format_version": "1.8.0",
	"animations": {
		"shoot": {
			"loop": true,
			"animation_length": 0.375,
			"bones": {
				"right_arm": {
					"rotation": [90, 0, -180],
					"position": [5.9, -2.2, 5.75]
				},
				"left_arm": {
					"rotation": {
						"0.0": [73.95054, -26.20116, -129.71317],
						"0.3333": [73.95054, -26.20116, -129.71317],
						"0.375": [73.95054, -26.20116, -129.71317]
					},
					"position": {
						"0.0": [-2.7, -5.35, -2.85],
						"0.3333": [-2.7, -5.35, -2.85],
						"0.375": [-2.7, -5.35, -2.85]
					}
				},
				"gun_body": {
					"rotation": {
						"0.0": [-1, 0, 0],
						"0.0833": [-1, 0, 0],
						"0.3333": [0, 0, 0],
						"0.375": [0, 0, 0]
					},
					"position": {
						"0.0": [0, 0.05002, 1.24782],
						"0.0833": [0, 0, 0.5],
						"0.25": [0, 0, 0],
						"0.3333": [0, 0, 0],
						"0.375": [0, 0, 0]
					}
				},
				"bolt": {
					"position": {
						"0.0": [0, 0, 2.25],
						"0.125": [0, 0, 0],
						"0.375": [0, 0, 0]
					}
				},
				"magazine": {
					"rotation": [0, 0, 0],
					"position": [0, 0, 0],
					"scale": 1
				},
				"magazine_2": {
					"rotation": [0, 0, 0],
					"position": [0, 0, 0],
					"scale": 0
				},
				"seal": {
					"rotation": {
						"0.0": [7.75, 0, 0],
						"0.375": [0, 0, 0]
					}
				}
			},
			"particle_effects": {
				"0.0": {
					"effect": "eject_casing"
				}
			}
		},
		"aim_shoot": {
			"loop": true,
			"animation_length": 0.375,
			"bones": {
				"right_arm": {
					"rotation": [90, 0, -180],
					"position": [5.9, -2.2, 5.75]
				},
				"left_arm": {
					"rotation": [73.95054, -26.20116, -129.71317],
					"position": [-2.7, -5.35, -2.85]
				},
				"gun_body": {
					"rotation": {
						"0.0": [-1, 0, 0],
						"0.0833": [-1, 0, 0],
						"0.3333": [0, 0, 0],
						"0.375": [0, 0, 0]
					},
					"position": {
						"0.0": [0, 0.05002, 1.24782],
						"0.0833": [0, 0, 0.5],
						"0.25": [0, 0, 0],
						"0.3333": [0, 0, 0],
						"0.375": [0, 0, 0]
					}
				},
				"bolt": {
					"position": {
						"0.0": [0, 0, 2.25],
						"0.125": [0, 0, 0],
						"0.375": [0, 0, 0]
					}
				},
				"magazine": {
					"rotation": [0, 0, 0],
					"position": [0, 0, 0],
					"scale": 1
				},
				"magazine_2": {
					"rotation": [0, 0, 0],
					"position": [0, 0, 0],
					"scale": 0
				},
				"seal": {
					"rotation": {
						"0.0": [7.75, 0, 0],
						"0.375": [0, 0, 0]
					}
				}
			},
			"particle_effects": {
				"0.0": {
					"effect": "eject_casing"
				}
			}
		},
		"reload": {
			"animation_length": 4.7083,
			"bones": {
				"right_arm": {
					"rotation": {
						"0.625": [90, 0, -180],
						"0.7917": [90, -15, -180],
						"1.0": [111.73761, 3.55508, -172.46465],
						"1.125": [129.23761, 3.55508, -172.46465],
						"1.375": [149.23761, 3.55508, -172.46465],
						"1.5417": [141.98394, -5.41509, -187.50823],
						"1.75": [131.78664, 2.03818, -180.83361],
						"2.0": [154.28664, 2.03818, -180.83361],
						"2.375": [136.78664, 2.03818, -180.83361],
						"2.5": [119.28664, 2.03818, -180.83361],
						"2.625": [119.28664, 2.03818, -180.83361],
						"2.9167": [136.78664, 2.03818, -180.83361],
						"3.2917": [154.28664, 2.03818, -180.83361],
						"3.5417": [134.67714, 2.03818, -180.83361],
						"3.8333": [112.17714, 2.03818, -180.83361],
						"4.0": [90, -15, -180],
						"4.125": [90, 0, -180]
					},
					"position": {
						"0.625": [5.9, -2.2, 5.75],
						"0.7917": [4.9, -2.2, 5.75],
						"1.125": [4.9, -2.7, 6.75],
						"1.375": [4.9, -3.7, 7.75],
						"1.5417": [4.9, -3.7, 6.75],
						"1.75": [4.9, -3.7, 5.75],
						"2.0": [4.9, -4.7, 6.75],
						"2.375": [4.9, -8.7, 8.75],
						"2.5": [4.9, -17.7, 9.75],
						"2.625": [4.9, -17.7, 9.75],
						"2.9167": [4.9, -8.7, 8.75],
						"3.2917": [4.9, -4.7, 6.75],
						"3.5417": [4.9, -3.7, 6.75],
						"3.8333": [4.9, -1.7, 6.75],
						"4.0": [4.9, -2.2, 5.75],
						"4.125": [5.9, -2.2, 5.75]
					}
				},
				"left_arm": {
					"rotation": {
						"0.0": {
							"post": [73.95054, -26.20116, -129.71317],
							"lerp_mode": "catmullrom"
						},
						"0.1667": {
							"post": [96.45054, -26.20116, -129.71317],
							"lerp_mode": "catmullrom"
						},
						"0.5": {
							"post": [116.92845, 0.16325, -205.67143],
							"lerp_mode": "catmullrom"
						},
						"4.125": {
							"post": [116.92845, 0.16325, -205.67143],
							"lerp_mode": "catmullrom"
						},
						"4.4583": {
							"post": [96.45054, -26.20116, -129.71317],
							"lerp_mode": "catmullrom"
						},
						"4.7083": {
							"post": [73.95054, -26.20116, -129.71317],
							"lerp_mode": "catmullrom"
						}
					},
					"position": {
						"0.0": {
							"post": [-2.7, -5.35, -2.85],
							"lerp_mode": "catmullrom"
						},
						"0.1667": {
							"post": [-1.7, -5.35, -2.85],
							"lerp_mode": "catmullrom"
						},
						"0.5": {
							"post": [-2.7, -2.35, -3.85],
							"lerp_mode": "catmullrom"
						},
						"4.125": {
							"post": [-2.7, -2.35, -3.85],
							"lerp_mode": "catmullrom"
						},
						"4.4583": {
							"post": [-1.7, -5.35, -2.85],
							"lerp_mode": "catmullrom"
						},
						"4.7083": {
							"post": [-2.7, -5.35, -2.85],
							"lerp_mode": "catmullrom"
						}
					}
				},
				"gun_body": {
					"rotation": {
						"0.0": {
							"post": [0, 0, 0],
							"lerp_mode": "catmullrom"
						}
					},
					"position": {
						"0.0": {
							"post": [0, 0, 0],
							"lerp_mode": "catmullrom"
						}
					}
				},
				"bolt": {
					"position": {
						"0.0": {
							"post": [0, 0, 0],
							"lerp_mode": "catmullrom"
						}
					}
				},
				"magazine": {
					"position": {
						"0.0": [0, 0, 0],
						"1.0": [0, 0, 0],
						"1.375": {
							"pre": [0, 0, 3],
							"post": [0, 0, 3],
							"lerp_mode": "catmullrom"
						},
						"1.75": {
							"post": [0, 0, 3],
							"lerp_mode": "catmullrom"
						},
						"2.0": {
							"post": [0, 0, 5],
							"lerp_mode": "catmullrom"
						},
						"2.375": {
							"post": [0, -5, 5],
							"lerp_mode": "catmullrom"
						},
						"2.5": {
							"post": [0, -15, 5],
							"lerp_mode": "catmullrom"
						},
						"2.625": {
							"post": [0, -15, 5],
							"lerp_mode": "catmullrom"
						},
						"2.9167": {
							"post": [0, -5, 5],
							"lerp_mode": "catmullrom"
						},
						"3.2917": {
							"post": [0, 0, 5],
							"lerp_mode": "catmullrom"
						},
						"3.5417": {
							"post": [0, 0, 4],
							"lerp_mode": "catmullrom"
						},
						"3.8333": {
							"post": [0, 0, 0],
							"lerp_mode": "catmullrom"
						}
					},
					"scale": 1
				},
				"magazine_2": {
					"scale": 0
				},
				"seal": {
					"rotation": [0, 0, 0]
				},
				"gun_body2": {
					"rotation": {
						"0.0": {
							"post": [0, 0, 0],
							"lerp_mode": "catmullrom"
						},
						"0.4583": {
							"post": [0, 0, 0],
							"lerp_mode": "catmullrom"
						},
						"0.9167": {
							"post": [22.5, 0, 0],
							"lerp_mode": "catmullrom"
						},
						"1.2083": {
							"post": [15.65109, 0.11334, 0.0564],
							"lerp_mode": "catmullrom"
						},
						"1.7083": {
							"post": [20, 0, 0],
							"lerp_mode": "catmullrom"
						},
						"1.875": {
							"post": [16.42678, -0.43329, -0.162],
							"lerp_mode": "catmullrom"
						},
						"2.1667": {
							"post": [26.46671, -2.23827, -1.11391],
							"lerp_mode": "catmullrom"
						},
						"2.5833": {
							"post": [26.05572, -0.37723, -2.98047],
							"lerp_mode": "catmullrom"
						},
						"3.5417": {
							"post": [23.28321, -0.10924, -2.07444],
							"lerp_mode": "catmullrom"
						},
						"3.7917": {
							"post": [28.58611, -0.06136, -1.47264],
							"lerp_mode": "catmullrom"
						},
						"4.125": {
							"post": [22.5, 0, 0],
							"lerp_mode": "catmullrom"
						},
						"4.5": {
							"post": [0, 0, 0],
							"lerp_mode": "catmullrom"
						}
					},
					"position": {
						"0.0": {
							"post": [0, 0, 0],
							"lerp_mode": "catmullrom"
						},