{
	"format_version": "1.8.0",
	"animations": {
		"reload": {
			"animation_length": 2.2083,
			"bones": {
				"bolt": {
					"position": {
						"0.0": [0, 0, 0.75],
						"0.2083": [0, 0, 2],
						"1.8333": [0, 0, 2],
						"1.875": [0, 0, 0]
					}
				},
				"left_arm": {
					"rotation": {
						"0.7917": [83.16819, -12.44415, -122.50876],
						"1.1667": [65.28384, -22.36953, -121.22882],
						"1.4167": [46.41748, -3.13267, -109.46146],
						"1.5": [21.61745, -10.94154, -90.89286],
						"1.6667": [28.54094, -23.84196, -77.07802],
						"1.9583": [77.87269, -7.3851, -92.46889]
					},
					"position": {
						"0.7917": [2.79247, -7.58461, 7.89718],
						"1.0": [-2.82356, -0.27323, 5.9],
						"1.0833": [-2.73, -0.69, 5.9],
						"1.375": [-2.30738, -1.59631, 4.9],
						"1.4583": [-1.31, -1.6, 4.9],
						"1.6667": [-1.73, -3.69, 3.9],
						"1.9583": [2.79247, -10.58461, 9.89718]
					},
					"scale": {
						"0.0": [0, 0, 0],
						"0.5833": [0, 0, 0],
						"0.7917": [1, 1, 1],
						"1.9583": [1, 1, 1]
					}
				},
				"right_arm": {
					"rotation": {
						"0.0": {
							"post": [90, 0, -180],
							"lerp_mode": "catmullrom"
						}
					},
					"position": {
						"0.0": {
							"post": [6.2, -2.95, 6.55],
							"lerp_mode": "catmullrom"
						}
					}
				},
				"gun_body2": {
					"rotation": {
						"0.0": [0, 0, 0],
						"0.2083": {
							"pre": [-72.5, 0, 0],
							"post": [-72.5, 0, 0],
							"lerp_mode": "catmullrom"
						},
						"0.25": {
							"post": [-72.5, 0, 0],
							"lerp_mode": "catmullrom"
						},
						"0.375": {
							"post": [-67.5, 0, 0],
							"lerp_mode": "catmullrom"
						},
						"0.4583": {
							"post": [-57.5, 0, 0],
							"lerp_mode": "catmullrom"
						},
						"0.625": [0, 0, 7.5],
						"0.7917": [0, 0, 25],
						"1.375": [0, 0, 30],
						"1.875": {
							"pre": [10, 0, -7.5],
							"post": [10, 0, -7.5],
							"lerp_mode": "catmullrom"
						},
						"2.0": [0, 0, 0]
					},
					"position": {
						"0.0": [0, 0, -0.7],
						"0.1667": {
							"pre": [0, 5, 4.3],
							"post": [0, 5, 4.3],
							"lerp_mode": "catmullrom"
						},
						"0.25": {
							"post": [0, 5, 4.8],
							"lerp_mode": "catmullrom"
						},
						"0.3333": {
							"post": [0, 5, 3.55],
							"lerp_mode": "catmullrom"
						},
						"0.4167": {
							"post": [0, 4, 2.55],
							"lerp_mode": "catmullrom"
						},
						"0.6667": [0, 0, -0.7],
						"1.2083": [0, 0, -0.7],
						"1.2917": {
							"pre": [0, -0.5, -0.7],
							"post": [0, -0.5, -0.7],
							"lerp_mode": "catmullrom"
						},
						"1.4167": [0, 0, -0.7],
						"1.75": [0, 0, -0.7],
						"1.875": [0, -0.5, -1.2],
						"2.0": [0, 0, -0.7]
					}
				},
				"clip": {
					"rotation": {
						"0.7917": [0, 0, 0],
						"1.0": [-115.6263, -77.69574, 174.20036],
						"1.3333": [77.91219, -51.10127, -57.24283],
						"1.5": [103.91332, -16.15462, -86.26305]
					},
					"position": {
						"0.7917": [0, 0, 0],
						"1.2917": [0.26208, 0.42927, 0.86431],
						"1.5": [-1.83, 0.58, -0.16]
					},
					"scale": {
						"1.4167": [1, 1, 1],
						"1.5833": [0, 0, 0]
					}
				}
			},
			"sound_effects": {
				"0.1667": {
					"effect": "ping"
				},
				"1.25": {
					"effect": "reload_mag_in"
				},
				"1.875": {
					"effect": "bolt"
				}
			},
			"particle_effects": {
				"2.1667": {
					"effect": "loaded"
				}
			}
		},
		"idle": {
			"loop": true,
			"bones": {
				"right_arm": {
					"rotation": {
						"0.0": {
							"post": [90, 0, -180],
							"lerp_mode": "catmullrom"
						}
					},
					"position": {
						"0.0": {
							"post": [6.2, -2.95, 6.55],
							"lerp_mode": "catmullrom"
						}
					}
				},
				"left_arm": {
					"scale": 0
				},
				"gun_body2": {
					"position": [0, 0, -0.7]
				}
			}
		},
		"melee": {
			"loop": true,
			"animation_length": 0.44,
			"bones": {
				"gun_body2": {
					"rotation": {
						"0.0": [-56.66491, -1.69856, 24.78056],
						"0.08": {
							"pre": [-60.18496, -0.3066, 53.59912],
							"post": [-60.18496, -0.3066, 53.59912],
							"lerp_mode": "catmullrom"
						},
						"0.36": [0, 0, 0]
					},
					"position": {
						"0.0": [0, 3, -3.7],
						"0.04": {
							"pre": [1, 5.25, -5.45],
							"post": [1, 5.25, -5.45],
							"lerp_mode": "catmullrom"
						},
						"0.32": [0, 0, -0.7]
					}
				},
				"left_arm": {
					"scale": 0
				},
				"right_arm": {
					"rotation": {
						"0.0": {
							"post": [90, 0, -180],
							"lerp_mode": "catmullrom"
						}
					},
					"position": {
						"0.0": {
							"post": [6.2, -2.95, 6.55],
							"lerp_mode": "catmullrom"
						}
					}
				}
			}
		},
		"draw": {
			"loop": "hold_on_last_frame",
			"animation_length": 0.625,
			"bones": {
				"right_arm": {
					"rotation": {
						"0.0": {
							"post": [90, 0, -180],
							"lerp_mode": "catmullrom"
						}
					},
					"position": {
						"0.0": {
							"post": [6.2, -2.95, 6.55],
							"lerp_mode": "catmullrom"
						}
					}
				},
				"left_arm": {
					"scale": 0
				},
				"gun_body": {
					"rotation": {
						"0.0417": [25, 0, 0],
						"0.4583": [0, 0, 0],
						"0.5417": [-4.16957, 0.82074, 0.03898],
						"0.625": [0, 0, 0]
					},
					"position": {
						"0.0417": [0, -7, 0],
						"0.4583": [0, 0, 0],
						"0.5417": [0, 0.5, 0],
						"0.625": [0, 0, 0]
					}
				},
				"gun_body2": {
					"position": [0, 0, -0.7]
				}
			}
		},
		"inspect": {
			"animation_length": 7.5417,
			"bones": {
				"left_arm": {
					"rotation": {
						"0.0": {
							"post": [-281.55764, 27.24513, 3.88714],
							"lerp_mode": "catmullrom"
						},
						"1.5833": {
							"post": [-281.56, 27.25, 3.89],
							"lerp_mode": "catmullrom"
						},
						"2.0417": {
							"post": [-302.49036, 25.21892, -40.97866],
							"lerp_mode": "catmullrom"
						},
						"2.5417": {
							"post": [-296.60568, 31.41004, -28.62712],
							"lerp_mode": "catmullrom"
						},
						"3.0": {
							"post": [-300.59884, 44.65502, -34.24526],
							"lerp_mode": "catmullrom"
						},
						"3.625": {
							"post": [-261.31, 43.54, -30.53],
							"lerp_mode": "catmullrom"
						},
						"7.1667": {
							"post": [-281.55764, 27.24513, 3.88714],
							"lerp_mode": "catmullrom"
						}
					},
					"position": {
						"0.0": {
							"post": [-1.93834, -2.37078, 4.74786],
							"lerp_mode": "catmullrom"
						},
						"1.5833": {
							"post": [1.58818, -8.22837, 6.89626],
							"lerp_mode": "catmullrom"
						},
						"2.0": {
							"post": [-2.46, -7.55, 0.25],
							"lerp_mode": "catmullrom"
						},
						"2.1667": {
							"post": [-2.62763, -7.70103, 0.35766],
							"lerp_mode": "catmullrom"
						},
						"2.4167": {
							"post": [-2.82175, -8.26168, 3.01111],
							"lerp_mode": "catmullrom"
						},
						"3.0": {
							"post": [-2.38269, -9.56569, 2.59578],
							"lerp_mode": "catmullrom"
						},
						"3.625": {
							"post": [1.76785, -10.25207, 8.32164],
							"lerp_mode": "catmullrom"
						},
						"7.1667": {
							"post": [-1.93834, -2.37078, 4.74786],
							"lerp_mode": "catmullrom"
						}
					},
					"scale": {
						"1.5417": {
							"pre": [0, 0, 0],
							"post": [0, 0, 0],
							"lerp_mode": "catmullrom"
						},
						"1.5833": {
							"post": [1, 1, 1],
							"lerp_mode": "catmullrom"
						},
						"3.5833": {
							"post": [1, 1, 1],
							"lerp_mode": "catmullrom"
						},
						"3.6667": {
							"post": [0, 0, 0],
							"lerp_mode": "catmullrom"
						}
					}
				},
				"gun_body": {
					"rotation": {
						"0.0": {
							"post": [0, 0, 0],
							"lerp_mode": "catmullrom"
						},
						"0.4167": {
							"post": [-28.6247, 16.60608, 17.73066],
							"lerp_mode": "catmullrom"
						},
						"0.625": {
							"post": [-9.95488, -0.95364, -36.41694],
							"lerp_mode": "catmullrom"
						},
						"0.9167": {
							"post": [-17.31162, -1.94139, -42.08335],
							"lerp_mode": "catmullrom"
						},