{
	"format_version": "1.8.0",
	"animations": {
		"shoot": {
			"loop": true,
			"animation_length": 0.375,
			"bones": {
				"right_arm": {
					"rotation": [90, 0, -180],
					"position": [6.15, -1.42652, 5.02417]
				},
				"left_arm": {
					"rotation": [106.15344, -3.96516, -225.58887],
					"position": [-1.98956, -4.19449, -1.60356]
				},
				"gun_body": {
					"rotation": {
						"0.0417": [-3, 0, -2.5],
						"0.125": [-9.9976, -0.109, -2.4976],
						"0.2917": [0, 0, 0]
					},
					"position": {
						"0.0": {
							"post": [0, 0, 0.5],
							"lerp_mode": "catmullrom"
						},
						"0.0833": {
							"post": [0.01626, -0.25879, 0.59459],
							"lerp_mode": "catmullrom"
						},
						"0.25": {
							"post": [0, 0.04, 0.98],
							"lerp_mode": "catmullrom"
						},
						"0.375": {
							"post": [0, 0, 0],
							"lerp_mode": "catmullrom"
						}
					}
				},
				"bolt": {
					"position": {
						"0.0": [0, 0, 1.5],
						"0.0417": [0, 0, 2.5],
						"0.125": [0, 0, 0]
					}
				},
				"magazine": {
					"scale": 1
				},
				"scriptures": {
					"rotation": {
						"0.0": [-3, 0, 0],
						"0.0417": [-6, 0, 0],
						"0.2083": [2.49962, 0.04362, -0.99905],
						"0.375": [0, 0, 0]
					}
				},
				"magazine_2": {
					"scale": 0
				},
				"bipods": {
					"rotation": {
						"0.0": {
							"post": [-10, 0, 0],
							"lerp_mode": "catmullrom"
						},
						"0.0833": {
							"post": [-25, 0, 0],
							"lerp_mode": "catmullrom"
						},
						"0.2083": {
							"post": [17.5, 0, 0],
							"lerp_mode": "catmullrom"
						},
						"0.3333": {
							"post": [-10, 0, 0],
							"lerp_mode": "catmullrom"
						},
						"0.5417": {
							"post": [0, 0, 0],
							"lerp_mode": "catmullrom"
						}
					}
				},
				"gun_body2": {
					"rotation": [0, 0, 0],
					"position": {
						"0.0": [-0.25, 0, 0.125],
						"0.0833": [-0.375, 0, 0.505],
						"0.25": [0, 0, 0]
					}
				}
			},
			"particle_effects": {
				"0.0": {
					"effect": "eject_casing"
				}
			}
		},
		"draw": {
			"animation_length": 2,
			"bones": {
				"right_arm": {
					"rotation": {
						"0.0": [90, 0, -180],
						"0.5": [90, 0, -180],
						"0.6667": [90, -17.5, -180],
						"1.0": [119.3203, 13.145, -162.8721],
						"1.25": [151.8203, 13.145, -162.8721],
						"1.3333": [151.8203, 13.145, -162.8721],
						"1.4583": [164.3203, 13.145, -162.8721],
						"1.5833": [90, -17.5, -180],
						"1.7917": [90, 0, -180]
					},
					"position": {
						"0.0": [6.15, -2.4, 6.05],
						"0.5": [6.15, -2.4, 6.05],
						"0.6667": [4.24257, -2.4, 6.65141],
						"1.0": [3.24, -1.51, 6.2],
						"1.25": [3.24, -2.00134, 8.37769],
						"1.3333": [3.24, -2.00134, 8.37769],
						"1.4583": [2.89772, -2.90199, 8.64318],
						"1.5833": [4.24257, -2.4, 6.65141],
						"1.7917": [6.15, -2.4, 6.05]
					}
				},
				"left_arm": {
					"rotation": [106.15344, -3.96516, -225.58887],
					"position": [-1.98956, -4.19449, -1.60356]
				},
				"gun_body": {
					"rotation": {
						"0.0": {
							"post": [-72.5, 0, 0],
							"lerp_mode": "catmullrom"
						},
						"0.2917": {
							"post": [-72.5, 0, 0],
							"lerp_mode": "catmullrom"
						},
						"0.7083": {
							"post": [-27.5, 0, 0],
							"lerp_mode": "catmullrom"
						},
						"1.25": {
							"post": [-27.5, 0, 0],
							"lerp_mode": "catmullrom"
						},
						"2.0": {
							"post": [0, 0, 0],
							"lerp_mode": "catmullrom"
						}
					},
					"position": {
						"0.0": {
							"post": [0, -23.84292, 7.51764],
							"lerp_mode": "catmullrom"
						},
						"0.375": {
							"post": [0, 0, 0],
							"lerp_mode": "catmullrom"
						},
						"0.7917": {
							"post": [0, 1.92836, -2.29813],
							"lerp_mode": "catmullrom"
						},
						"1.25": {
							"post": [0, 1.92836, -2.29813],
							"lerp_mode": "catmullrom"
						},
						"2.0": {
							"post": [0, 0, 0],
							"lerp_mode": "catmullrom"
						}
					}
				},
				"scriptures": {
					"rotation": {
						"0.0": [0, 0, 0],
						"0.25": [0, 0, -12.5],
						"0.3333": [-2, 0, -7],
						"0.4167": [1, 0, 2.5],
						"0.5": [-1.99726, -0.10465, -0.49818],
						"0.5417": [0.00137, -0.05233, -0.24909],
						"0.5833": [0, 0, 0],
						"0.625": [0, 0, 0]
					}
				},
				"magazine_2": {
					"scale": 0
				},
				"bolt": {
					"position": {
						"0.0": [0, 0, 0],
						"1.0": [0, 0, 0],
						"1.3333": [0, 0, 3],
						"1.5417": [0, 0, 0]
					}
				},
				"bipods": {
					"rotation": {
						"0.0": {
							"post": [72.5, 0, 0],
							"lerp_mode": "catmullrom"
						},
						"0.0833": {
							"post": [72.5, 0, 0],
							"lerp_mode": "catmullrom"
						},
						"0.6667": {
							"post": [30, 0, 0],
							"lerp_mode": "catmullrom"
						},
						"1.0417": {
							"post": [30, 0, 0],
							"lerp_mode": "catmullrom"
						},
						"1.25": {
							"post": [40, 0, 0],
							"lerp_mode": "catmullrom"
						},
						"1.875": {
							"post": [0, 0, 0],
							"lerp_mode": "catmullrom"
						}
					}
				},
				"gun_body2": {
					"rotation": {
						"0.0": {
							"post": [0, 0, 0],
							"lerp_mode": "catmullrom"
						},
						"1.0": {
							"post": [0, 0, 0],
							"lerp_mode": "catmullrom"
						},
						"1.25": {
							"post": [-10, 0, 0],
							"lerp_mode": "catmullrom"
						},
						"1.2917": {
							"post": [-10, 0, 0],
							"lerp_mode": "catmullrom"
						},
						"1.4167": {
							"post": [-10, 0, 0],
							"lerp_mode": "catmullrom"
						},
						"1.6667": {
							"post": [0, 0, 0],
							"lerp_mode": "catmullrom"
						}
					},
					"position": {
						"0.0": {
							"post": [0, 0, 0],
							"lerp_mode": "catmullrom"
						},
						"1.0": {
							"post": [0, 0, 0],
							"lerp_mode": "catmullrom"
						},
						"1.25": {
							"post": [0, -0.62264, 0.65178],
							"lerp_mode": "catmullrom"
						},
						"1.2917": {
							"post": [0, -0.62264, 0.65178],
							"lerp_mode": "catmullrom"
						},
						"1.4167": {
							"post": [0, -0.62264, 0.65178],
							"lerp_mode": "catmullrom"
						},
						"1.6667": {
							"post": [0, 0, 0],
							"lerp_mode": "catmullrom"
						}
					}
				}
			},
			"sound_effects": {
				"1.0": {
					"effect": "rack"
				}
			}
		},
		"aim_shoot": {
			"loop": true,
			"animation_length": 0.625,
			"bones": {
				"right_arm": {
					"rotation": [90, 0, -180],
					"position": [6.15, -1.42652, 5.02417]
				},
				"left_arm": {
					"rotation": [106.15344, -3.96516, -225.58887],
					"position": [-1.98956, -4.19449, -1.60356]
				},
				"gun_body": {
					"rotation": {
						"0.0417": [-2, 0, 0],
						"0.125": [-3, -0.109, 0],
						"0.2917": {
							"pre": [0, 0, 0],
							"post": [0, 0, 0],
							"lerp_mode": "catmullrom"
						}
					},
					"position": {
						"0.0": {
							"post": [0, 0, 0.5],
							"lerp_mode": "catmullrom"
						},
						"0.0833": {
							"post": [0.01626, -0.25879, 0.59459],
							"lerp_mode": "catmullrom"
						},
						"0.25": {
							"post": [0, 0.04, 0.98],
							"lerp_mode": "catmullrom"
						},
						"0.375": {
							"post": [0, 0, 0],
							"lerp_mode": "catmullrom"
						}
					}
				},
				"bolt": {
					"position": {
						"0.0": [0, 0, 1.5],
						"0.0417": [0, 0, 2.5],
						"0.125": [0, 0, 0]
					}
				},
				"magazine": {
					"scale": 1
				},
				"scriptures": {
					"rotation": {
						"0.0": [-3, 0, 0],
						"0.0417": [-6, 0, 0],
						"0.2083": [2.49962, 0.04362, -0.99905],
						"0.375": [0, 0, 0]
					}
				},
				"magazine_2": {
					"scale": 0
				},
				"bipods": {
					"rotation": {
						"0.0": {
							"post": [-10, 0, 0],
							"lerp_mode": "catmullrom"
						},
						"0.0833": {
							"post": [-25, 0, 0],
							"lerp_mode": "catmullrom"
						},
						"0.2083": {
							"post": [17.5, 0, 0],
							"lerp_mode": "catmullrom"
						},
						"0.3333": {
							"post": [-10, 0, 0],
							"lerp_mode": "catmullrom"
						},
						"0.5417": {
							"post": [0, 0, 0],