{
	"format_version": "1.8.0",
	"animations": {
		"shoot": {
			"loop": true,
			"animation_length": 0.375,
			"bones": {
				"right_arm": {
					"rotation": {
						"0.0": [90, 0, -180],
						"0.0833": [88.22222, 0, -180],
						"0.375": [90, 0, -180]
					},
					"position": {
						"0.0": [6.15, -2.4, 6.05],
						"0.375": [6.15, -2.4, 6.05]
					}
				},
				"left_arm": {
					"rotation": [73.95054, -26.20116, -129.71317],
					"position": [-1.82918, -5.61956, -1.2979]
				},
				"gun_body": {
					"rotation": {
						"0.0417": [-1.5, 0, 0],
						"0.0833": [-2.5, 0, 0],
						"0.125": [-1.74973, -0.03054, -0.99953],
						"0.1667": [-1, 0, 0],
						"0.2917": [-0.19997, -0.00349, -0.99999],
						"0.375": [0, 0, 0]
					},
					"position": {
						"0.0": [0, 0.175, 1.25],
						"0.125": [0, 0, 0.5],
						"0.25": [0, 0, 0]
					}
				},
				"bolt": {
					"position": {
						"0.0": [0, 0, 2.5],
						"0.125": [0, 0, 0]
					}
				},
				"magazine": {
					"scale": 1
				},
				"scriptures": {
					"rotation": {
						"0.0": [-3, 0, 0],
						"0.0417": [-6, 0, 0],
						"0.2083": [2.49962, 0.04362, -0.99905],
						"0.375": [0, 0, 0]
					}
				},
				"magazine_2": {
					"scale": 0
				}
			},
			"particle_effects": {
				"0.0": {
					"effect": "eject_casing"
				}
			}
		},
		"draw": {
			"animation_length": 0.625,
			"bones": {
				"right_arm": {
					"rotation": [90, 0, -180],
					"position": [6.15, -2.4, 6.05]
				},
				"left_arm": {
					"rotation": [73.95054, -26.20116, -129.71317],
					"position": [-1.82918, -5.61956, -1.2979]
				},
				"gun_body": {
					"rotation": {
						"0.0": [0, -42.5, 45],
						"0.375": [7.7803, -12.49044, 14.02391],
						"0.5833": [0, 0, 0.25],
						"0.625": [0, 0, 0]
					},
					"position": {
						"0.0": [10, -9, 1],
						"0.1667": [6.25, -3.87, -2.65],
						"0.2917": [4, -1.5, -3.3],
						"0.5833": [0, 0, 0.2],
						"0.625": [0, 0, 0]
					}
				},
				"scriptures": {
					"rotation": {
						"0.0": [0, 0, 0],
						"0.25": [0, 0, -12.5],
						"0.3333": [-2, 0, -7],
						"0.4167": [1, 0, 2.5],
						"0.5": [-1.99726, -0.10465, -0.49818],
						"0.5417": [0.00137, -0.05233, -0.24909],
						"0.5833": [0, 0, 0],
						"0.625": [0, 0, 0]
					}
				},
				"magazine_2": {
					"scale": 0
				}
			}
		},
		"aim_shoot": {
			"loop": true,
			"animation_length": 0.375,
			"bones": {
				"right_arm": {
					"rotation": {
						"0.0": [90, 0, -180],
						"0.0417": [90, 0, -180],
						"0.0833": [88.22222, 0, -180],
						"0.375": [90, 0, -180]
					},
					"position": {
						"0.0": [6.15, -2.4, 6.05],
						"0.0417": [6.15, -2.4, 6.05],
						"0.375": [6.15, -2.4, 6.05]
					}
				},
				"left_arm": {
					"rotation": [73.95054, -26.20116, -129.71317],
					"position": [-1.82918, -5.61956, -1.2979]
				},
				"gun_body": {
					"rotation": {
						"0.0417": [-1.5, 0, 0],
						"0.0833": [-2.5, 0, 0],
						"0.125": [-1.74973, -0.03054, -0.99953],
						"0.1667": [-1, 0, 0],
						"0.2917": [-0.19997, -0.00349, -0.99999],
						"0.375": [0, 0, 0]
					},
					"position": {
						"0.0": [0, 0.175, 1.25],
						"0.125": [0, 0, 0.5],
						"0.25": [0, 0, 0]
					}
				},
				"bolt": {
					"position": {
						"0.0": [0, 0, 1.5],
						"0.0417": [0, 0, 2.5],
						"0.125": [0, 0, 0]
					}
				},
				"magazine": {
					"scale": 1
				},
				"scriptures": {
					"rotation": {
						"0.0": [-3, 0, 0],
						"0.0417": [-6, 0, 0],
						"0.2083": [2.49962, 0.04362, -0.99905],
						"0.375": [0, 0, 0]
					}
				},
				"magazine_2": {
					"scale": 0
				}
			},
			"particle_effects": {
				"0.0": {
					"effect": "eject_casing"
				}
			}
		},
		"reload": {
			"animation_length": 3.9167,
			"bones": {
				"right_arm": {
					"rotation": {
						"0.0": [90, 0, -180],
						"2.2083": [90, 0, -180],
						"2.375": [90, -12.5, -180],
						"2.5": [105, -12.5, -180],
						"2.8333": [104.64557, 2.0063, -176.15667],
						"3.0833": [127.14557, 2.0063, -176.15667],
						"3.2083": [149.64557, 2.0063, -176.15667],
						"3.4583": [90, -12.5, -180],
						"3.6667": [90, 0, -180]
					},
					"position": {
						"0.0": [6.15, -2.4, 6.05],
						"2.2083": [6.15, -2.4, 6.05],
						"2.375": [5.1737, -2.4, 6.26644],
						"2.5": [4.52068, -2.4, 3.34111],
						"2.8333": [3.72583, -1.33301, -0.56267],
						"3.0833": [4.26, -2.76, 2.62],
						"3.125": [4.26, -2.76, 2.62],
						"3.3333": [4.31699, -4.11862, 3.00848],
						"3.4583": [5.1737, -2.4, 6.26644],
						"3.6667": [6.15, -2.4, 6.05]
					}
				},
				"left_arm": {
					"rotation": {
						"0.0": [73.95054, -26.20116, -129.71317],
						"0.2083": [73.95054, -26.20116, -129.71317],
						"1.75": [73.95054, -26.20116, -129.71317],
						"2.125": [73.95054, -26.20116, -129.71317]
					},
					"position": {
						"0.0": [-1.82918, -5.61956, -1.2979],
						"0.0833": [-1.03, -4.95, -1.62],
						"0.2083": [-1.83, -5.62, -1.3],
						"1.75": [-1.83, -5.62, -1.3],
						"1.875": [-1.03, -4.95, -1.62],
						"2.0": [-1.52468, -4.57301, -2.67201],
						"2.125": [-2.1363, -4.61254, -3.27262]
					}
				},
				"gun_body": {
					"rotation": [0, 0, 0],
					"position": {
						"3.0833": [0, 0, 0],
						"3.1667": [0.07462, -0.0878, 0.33311],
						"3.25": [0.07747, -0.35274, -0.30075],
						"3.3333": [0, 0, 0]
					}
				},
				"bolt": {
					"position": {
						"2.8333": [0, 0, 0],
						"3.0833": [0, 0, 2.5],
						"3.125": [0, 0, 2.5],
						"3.2083": [0, 0, 0]
					}
				},
				"magazine": {
					"position": {
						"0.3333": [0, 0, 0],
						"0.4167": [0, -3, 0],
						"0.5": [0, -5, 0],
						"1.2917": [0, -5, 0],
						"1.375": [0, -3, 0],
						"1.5417": [0, 0, 0]
					}
				},
				"gun_body2": {
					"rotation": {
						"0.0": [0, 0, 0],
						"0.125": [-5, 0, 0],
						"0.25": [-4.98107, -0.43523, -4.98107],
						"0.3333": [-5, 0, 0],
						"0.4167": [5, 0, 0],
						"0.5": [12.5, 0, 0],
						"0.875": {
							"pre": [9.99067, 0.43399, -2.46207],
							"post": [9.99067, 0.43399, -2.46207],
							"lerp_mode": "catmullrom"
						},
						"1.4583": {
							"post": [9.91615, 1.29876, -7.38733],
							"lerp_mode": "catmullrom"
						},
						"1.5833": {
							"post": [-0.19674, 1.28651, -12.38858],
							"lerp_mode": "catmullrom"
						},
						"1.7083": {
							"post": [-5.1612, 1.96384, -7.47702],
							"lerp_mode": "catmullrom"
						},
						"1.9167": [0, 0, 0],
						"2.1667": {
							"pre": [-0.73116, 8.00768, 18.82186],
							"post": [-0.73116, 8.00768, 18.82186],
							"lerp_mode": "catmullrom"
						},
						"2.3333": {
							"post": [0, 17.5, 47.5],
							"lerp_mode": "catmullrom"
						},
						"2.5417": {
							"post": [0, 22.5, 47.5],
							"lerp_mode": "catmullrom"
						},
						"2.7083": {
							"post": [0, 22.5, 47.5],
							"lerp_mode": "catmullrom"
						},
						"3.0833": {
							"post": [-12.5, 22.5, 47.5],
							"lerp_mode": "catmullrom"
						},
						"3.2083": {
							"post": [-15, 22.5, 47.5],
							"lerp_mode": "catmullrom"
						},
						"3.3333": {
							"post": [-15, 22.5, 47.5],
							"lerp_mode": "catmullrom"
						},
						"3.5417": {
							"post": [-5.69444, 19.79167, 41.78241],
							"lerp_mode": "catmullrom"
						},
						"3.9167": {
							"post": [0, 0, 0],
							"lerp_mode": "catmullrom"
						}
					},
					"position": {
						"0.0": [0, 0, 0],
						"1.9167": [0, 0, 0],
						"2.3333": {
							"pre": [2, 0, 0],
							"post": [2, 0, 0],
							"lerp_mode": "catmullrom"
						},
						"2.7083": {
							"post": [2, 0, 0],
							"lerp_mode": "catmullrom"
						},
						"3.0833": {
							"post": [1.65854, -0.51009, 0.35101],
							"lerp_mode": "catmullrom"
						},
						"3.2083": {
							"post": [1.68321, -0.61542, 0.57549],
							"lerp_mode": "catmullrom"
						},
						"3.3333": {
							"post": [1.68321, -0.61542, 0.57549],
							"lerp_mode": "catmullrom"
						},
						"3.5417": {
							"post": [1.48, -0.54, -0.99],
							"lerp_mode": "catmullrom"
						},